"LOCATION","INDICATOR","SUBJECT","MEASURE","FREQUENCY","TIME","Value","Flag Codes"
"AUS","HOUSECOST","NOMINAL","IDX2015","Q","2020-Q4",116.064707348014,
"AUS","HOUSECOST","NOMINAL","IDX2015","Q","2021-Q1",122.704304855926,
"AUS","HOUSECOST","NOMINAL","IDX2015","Q","2021-Q2",130.914701906089,
"AUS","HOUSECOST","NOMINAL","IDX2015","Q","2021-Q3",137.878344447792,
"AUS","HOUSECOST","NOMINAL","IDX2015","Q","2021-Q4",143.557648786141,
"AUS","HOUSECOST","RENT","IDX2015","Q","2020-Q4",101.055800317848,
"AUS","HOUSECOST","RENT","IDX2015","Q","2021-Q1",101.026404748724,
"AUS","HOUSECOST","RENT","IDX2015","Q","2021-Q2",101.266982770237,
"AUS","HOUSECOST","RENT","IDX2015","Q","2021-Q3",101.388335933637,
"AUS","HOUSECOST","RENT","IDX2015","Q","2021-Q4",101.423227185266,
"AUS","HOUSECOST","RENT","IDX2015","Q","2022-Q1",102.027532808228,
"AUS","HOUSECOST","RENT","IDX2015","Q","2022-Q2",102.910164733504,
"AUS","HOUSECOST","RENT","IDX2015","Q","2022-Q3",104.213804170806,
"AUT","HOUSECOST","NOMINAL","IDX2015","Q","2020-Q4",139.998115760851,
"AUT","HOUSECOST","NOMINAL","IDX2015","Q","2021-Q1",145.091089725002,
"AUT","HOUSECOST","NOMINAL","IDX2015","Q","2021-Q2",150.527561295823,
"AUT","HOUSECOST","NOMINAL","IDX2015","Q","2021-Q3",155.859591123407,
"AUT","HOUSECOST","NOMINAL","IDX2015","Q","2021-Q4",161.57175784686,
"AUT","HOUSECOST","NOMINAL","IDX2015","Q","2022-Q1",166.372907143412,
"AUT","HOUSECOST","NOMINAL","IDX2015","Q","2022-Q2",169.155658704203,
"AUT","HOUSECOST","RENT","IDX2015","Q","2020-Q4",122.132584193779,
"AUT","HOUSECOST","RENT","IDX2015","Q","2021-Q1",123.037088638795,
"AUT","HOUSECOST","RENT","IDX2015","Q","2021-Q2",122.792987983651,
"AUT","HOUSECOST","RENT","IDX2015","Q","2021-Q3",120.828513638342,
"AUT","HOUSECOST","RENT","IDX2015","Q","2021-Q4",120.150519271262,
"AUT","HOUSECOST","RENT","IDX2015","Q","2022-Q1",120.39456487811,
"AUT","HOUSECOST","RENT","IDX2015","Q","2022-Q2",121.705279381721,
"AUT","HOUSECOST","RENT","IDX2015","Q","2022-Q3",123.175377096304,
"AUT","HOUSECOST","RENT","IDX2015","Q","2022-Q4",124.557721632046,
"BEL","HOUSECOST","NOMINAL","IDX2015","Q","2020-Q4",122.190688197246,
"BEL","HOUSECOST","NOMINAL","IDX2015","Q","2021-Q1",124.14787229964,
"BEL","HOUSECOST","NOMINAL","IDX2015","Q","2021-Q2",126.49356693264,
"BEL","HOUSECOST","NOMINAL","IDX2015","Q","2021-Q3",128.032456874982,
"BEL","HOUSECOST","NOMINAL","IDX2015","Q","2021-Q4",129.556103891494,
"BEL","HOUSECOST","NOMINAL","IDX2015","Q","2022-Q1",132.066021315812,
"BEL","HOUSECOST","NOMINAL","IDX2015","Q","2022-Q2",134.00620981823,
"BEL","HOUSECOST","RENT","IDX2015","Q","2020-Q4",107.82025131338,
"BEL","HOUSECOST","RENT","IDX2015","Q","2021-Q1",108.22843818624,
"BEL","HOUSECOST","RENT","IDX2015","Q","2021-Q2",108.722620774721,
"BEL","HOUSECOST","RENT","IDX2015","Q","2021-Q3",109.431395057132,
"BEL","HOUSECOST","RENT","IDX2015","Q","2021-Q4",110.230478727878,
"BEL","HOUSECOST","RENT","IDX2015","Q","2022-Q1",110.880774318179,
"BEL","HOUSECOST","RENT","IDX2015","Q","2022-Q2",112.046707822029,
"BEL","HOUSECOST","RENT","IDX2015","Q","2022-Q3",113.550058745096,
"BEL","HOUSECOST","RENT","IDX2015","Q","2022-Q4",114.914359091499,
"CAN","HOUSECOST","NOMINAL","IDX2015","Q","2020-Q4",144.245099019698,
"CAN","HOUSECOST","NOMINAL","IDX2015","Q","2021-Q1",148.973314231431,
"CAN","HOUSECOST","NOMINAL","IDX2015","Q","2021-Q2",157.50941985719,
"CAN","HOUSECOST","NOMINAL","IDX2015","Q","2021-Q3",163.50539516341,
"CAN","HOUSECOST","NOMINAL","IDX2015","Q","2021-Q4",166.75435252506,
"CAN","HOUSECOST","NOMINAL","IDX2015","Q","2022-Q1",176.437646638571,
"CAN","HOUSECOST","NOMINAL","IDX2015","Q","2022-Q2",183.876295401653,
"CAN","HOUSECOST","NOMINAL","IDX2015","Q","2022-Q3",178.170728747824,
"CAN","HOUSECOST","RENT","IDX2015","Q","2020-Q4",107.602447554594,
"CAN","HOUSECOST","RENT","IDX2015","Q","2021-Q1",107.526100398854,
"CAN","HOUSECOST","RENT","IDX2015","Q","2021-Q2",108.556992271132,
"CAN","HOUSECOST","RENT","IDX2015","Q","2021-Q3",109.201996645719,
"CAN","HOUSECOST","RENT","IDX2015","Q","2021-Q4",109.99665421247,
"CAN","HOUSECOST","RENT","IDX2015","Q","2022-Q1",111.734455129584,
"CAN","HOUSECOST","RENT","IDX2015","Q","2022-Q2",113.363688303138,
"CAN","HOUSECOST","RENT","IDX2015","Q","2022-Q3",114.359704497133,
"CAN","HOUSECOST","RENT","IDX2015","Q","2022-Q4",115.040464471581,
"CZE","HOUSECOST","NOMINAL","IDX2015","Q","2020-Q4",159.593129927321,
"CZE","HOUSECOST","NOMINAL","IDX2015","Q","2021-Q1",168.947069145654,
"CZE","HOUSECOST","NOMINAL","IDX2015","Q","2021-Q2",177.776662344025,
"CZE","HOUSECOST","NOMINAL","IDX2015","Q","2021-Q3",189.516102560103,
"CZE","HOUSECOST","NOMINAL","IDX2015","Q","2021-Q4",200.660165945938,
"CZE","HOUSECOST","NOMINAL","IDX2015","Q","2022-Q1",210.332891841975,
"CZE","HOUSECOST","NOMINAL","IDX2015","Q","2022-Q2",218.905989988117,
"CZE","HOUSECOST","RENT","IDX2015","Q","2020-Q4",114.176810350031,
"CZE","HOUSECOST","RENT","IDX2015","Q","2021-Q1",114.777893425073,
"CZE","HOUSECOST","RENT","IDX2015","Q","2021-Q2",115.870091489975,
"CZE","HOUSECOST","RENT","IDX2015","Q","2021-Q3",117.054948805083,
"CZE","HOUSECOST","RENT","IDX2015","Q","2021-Q4",118.430389586535,
"CZE","HOUSECOST","RENT","IDX2015","Q","2022-Q1",119.772811300331,
"CZE","HOUSECOST","RENT","IDX2015","Q","2022-Q2",121.233502421327,
"CZE","HOUSECOST","RENT","IDX2015","Q","2022-Q3",122.973302282468,
"CZE","HOUSECOST","RENT","IDX2015","Q","2022-Q4",124.520542063841,
"DNK","HOUSECOST","NOMINAL","IDX2015","Q","2020-Q4",130.991572808621,
"DNK","HOUSECOST","NOMINAL","IDX2015","Q","2021-Q1",135.263098838956,
"DNK","HOUSECOST","NOMINAL","IDX2015","Q","2021-Q2",137.85766537847,
"DNK","HOUSECOST","NOMINAL","IDX2015","Q","2021-Q3",139.231550118134,
"DNK","HOUSECOST","NOMINAL","IDX2015","Q","2021-Q4",139.687065788107,
"DNK","HOUSECOST","NOMINAL","IDX2015","Q","2022-Q1",140.892859084729,
"DNK","HOUSECOST","NOMINAL","IDX2015","Q","2022-Q2",141.810508263344,
"DNK","HOUSECOST","RENT","IDX2015","Q","2020-Q4",106.576102211806,
"DNK","HOUSECOST","RENT","IDX2015","Q","2021-Q1",106.969416869226,
"DNK","HOUSECOST","RENT","IDX2015","Q","2021-Q2",107.306090089868,
"DNK","HOUSECOST","RENT","IDX2015","Q","2021-Q3",107.609684070056,
"DNK","HOUSECOST","RENT","IDX2015","Q","2021-Q4",108.012287763428,
"DNK","HOUSECOST","RENT","IDX2015","Q","2022-Q1",108.625757985039,
"DNK","HOUSECOST","RENT","IDX2015","Q","2022-Q2",109.356224868505,
"DNK","HOUSECOST","RENT","IDX2015","Q","2022-Q3",110.005950193392,
"DNK","HOUSECOST","RENT","IDX2015","Q","2022-Q4",110.542226427789,
"FIN","HOUSECOST","NOMINAL","IDX2015","Q","2020-Q4",107.48853835143,
"FIN","HOUSECOST","NOMINAL","IDX2015","Q","2021-Q1",108.859537921017,
"FIN","HOUSECOST","NOMINAL","IDX2015","Q","2021-Q2",110.337474098454,
"FIN","HOUSECOST","NOMINAL","IDX2015","Q","2021-Q3",110.905913192048,
"FIN","HOUSECOST","NOMINAL","IDX2015","Q","2021-Q4",111.687074790792,
"FIN","HOUSECOST","NOMINAL","IDX2015","Q","2022-Q1",112.522603625225,
"FIN","HOUSECOST","NOMINAL","IDX2015","Q","2022-Q2",112.795606616152,
"FIN","HOUSECOST","RENT","IDX2015","Q","2020-Q4",110.38482526743,
"FIN","HOUSECOST","RENT","IDX2015","Q","2021-Q1",110.587413585616,
"FIN","HOUSECOST","RENT","IDX2015","Q","2021-Q2",110.812862888657,
"FIN","HOUSECOST","RENT","IDX2015","Q","2021-Q3",111.065708286667,
"FIN","HOUSECOST","RENT","IDX2015","Q","2021-Q4",111.199631794809,
"FIN","HOUSECOST","RENT","IDX2015","Q","2022-Q1",111.477590871271,
"FIN","HOUSECOST","RENT","IDX2015","Q","2022-Q2",111.849930039493,
"FIN","HOUSECOST","RENT","IDX2015","Q","2022-Q3",112.162349285598,
"FIN","HOUSECOST","RENT","IDX2015","Q","2022-Q4",112.489228959007,
"FRA","HOUSECOST","NOMINAL","IDX2015","Q","2020-Q4",119.6,
"FRA","HOUSECOST","NOMINAL","IDX2015","Q","2021-Q1",121.3,
"FRA","HOUSECOST","NOMINAL","IDX2015","Q","2021-Q2",123.5,
"FRA","HOUSECOST","NOMINAL","IDX2015","Q","2021-Q3",125.8,
"FRA","HOUSECOST","NOMINAL","IDX2015","Q","2021-Q4",128,
"FRA","HOUSECOST","NOMINAL","IDX2015","Q","2022-Q1",130.2,
"FRA","HOUSECOST","NOMINAL","IDX2015","Q","2022-Q2",131.9,
"FRA","HOUSECOST","RENT","IDX2015","Q","2020-Q4",101.266869855739,
"FRA","HOUSECOST","RENT","IDX2015","Q","2021-Q1",101.625270317958,
"FRA","HOUSECOST","RENT","IDX2015","Q","2021-Q2",101.880495467783,
"FRA","HOUSECOST","RENT","IDX2015","Q","2021-Q3",102.061754961695,
"FRA","HOUSECOST","RENT","IDX2015","Q","2021-Q4",102.095903625329,
"FRA","HOUSECOST","RENT","IDX2015","Q","2022-Q1",102.145910729568,
"FRA","HOUSECOST","RENT","IDX2015","Q","2022-Q2",102.421232667578,
"FRA","HOUSECOST","RENT","IDX2015","Q","2022-Q3",102.716689144506,
"FRA","HOUSECOST","RENT","IDX2015","Q","2022-Q4",103.032880723251,
"DEU","HOUSECOST","NOMINAL","IDX2015","Q","2020-Q4",143.458646842313,
"DEU","HOUSECOST","NOMINAL","IDX2015","Q","2021-Q1",147.355567770608,
"DEU","HOUSECOST","NOMINAL","IDX2015","Q","2021-Q2",152.404113117292,
"DEU","HOUSECOST","NOMINAL","IDX2015","Q","2021-Q3",157.701034872317,
"DEU","HOUSECOST","NOMINAL","IDX2015","Q","2021-Q4",161.496831608128,
"DEU","HOUSECOST","NOMINAL","IDX2015","Q","2022-Q1",164.404919929,
"DEU","HOUSECOST","NOMINAL","IDX2015","Q","2022-Q2",168.001558638894,
"DEU","HOUSECOST","RENT","IDX2015","Q","2020-Q4",107.589770313788,
"DEU","HOUSECOST","RENT","IDX2015","Q","2021-Q1",107.942646694118,
"DEU","HOUSECOST","RENT","IDX2015","Q","2021-Q2",108.334316018255,
"DEU","HOUSECOST","RENT","IDX2015","Q","2021-Q3",108.731053705277,
"DEU","HOUSECOST","RENT","IDX2015","Q","2021-Q4",109.12538358235,
"DEU","HOUSECOST","RENT","IDX2015","Q","2022-Q1",109.57682395793,
"DEU","HOUSECOST","RENT","IDX2015","Q","2022-Q2",110.100136567449,
"DEU","HOUSECOST","RENT","IDX2015","Q","2022-Q3",110.695598048061,
"DEU","HOUSECOST","RENT","IDX2015","Q","2022-Q4",111.027474860687,
"GRC","HOUSECOST","NOMINAL","IDX2015","Q","2020-Q4",111.41501321511,
"GRC","HOUSECOST","NOMINAL","IDX2015","Q","2021-Q1",114.250393796671,
"GRC","HOUSECOST","NOMINAL","IDX2015","Q","2021-Q2",117.034860466337,
"GRC","HOUSECOST","NOMINAL","IDX2015","Q","2021-Q3",120.213708511915,
"GRC","HOUSECOST","NOMINAL","IDX2015","Q","2021-Q4",122.30603723134,
"GRC","HOUSECOST","NOMINAL","IDX2015","Q","2022-Q1",124.803215231873,
"GRC","HOUSECOST","NOMINAL","IDX2015","Q","2022-Q2",128.056287924036,
"GRC","HOUSECOST","RENT","IDX2015","Q","2020-Q4",92.1807976355347,
"GRC","HOUSECOST","RENT","IDX2015","Q","2021-Q1",92.1507208199471,
"GRC","HOUSECOST","RENT","IDX2015","Q","2021-Q2",92.1991270535457,
"GRC","HOUSECOST","RENT","IDX2015","Q","2021-Q3",92.2847087116837,
"GRC","HOUSECOST","RENT","IDX2015","Q","2021-Q4",92.457325732932,
"GRC","HOUSECOST","RENT","IDX2015","Q","2022-Q1",92.792444583193,
"GRC","HOUSECOST","RENT","IDX2015","Q","2022-Q2",93.0089949217111,
"GRC","HOUSECOST","RENT","IDX2015","Q","2022-Q3",93.1502863366682,
"GRC","HOUSECOST","RENT","IDX2015","Q","2022-Q4",93.8242928447615,
"HUN","HOUSECOST","NOMINAL","IDX2015","Q","2020-Q4",182.422642517792,
"HUN","HOUSECOST","NOMINAL","IDX2015","Q","2021-Q1",193.251199835802,
"HUN","HOUSECOST","NOMINAL","IDX2015","Q","2021-Q2",202.7208763745,
"HUN","HOUSECOST","NOMINAL","IDX2015","Q","2021-Q3",212.201322732439,
"HUN","HOUSECOST","NOMINAL","IDX2015","Q","2021-Q4",223.976601090582,
"HUN","HOUSECOST","NOMINAL","IDX2015","Q","2022-Q1",234.974738157304,
"HUN","HOUSECOST","NOMINAL","IDX2015","Q","2022-Q2",248.789257241199,
"HUN","HOUSECOST","RENT","IDX2015","Q","2020-Q4",129.342207689192,
"HUN","HOUSECOST","RENT","IDX2015","Q","2021-Q1",129.643205968881,
"HUN","HOUSECOST","RENT","IDX2015","Q","2021-Q2",131.04320227816,
"HUN","HOUSECOST","RENT","IDX2015","Q","2021-Q3",132.97897829463,
"HUN","HOUSECOST","RENT","IDX2015","Q","2021-Q4",135.922760499513,
"HUN","HOUSECOST","RENT","IDX2015","Q","2022-Q1",138.607292119259,
"HUN","HOUSECOST","RENT","IDX2015","Q","2022-Q2",142.988219294039,
"HUN","HOUSECOST","RENT","IDX2015","Q","2022-Q3",148.922009070807,
"HUN","HOUSECOST","RENT","IDX2015","Q","2022-Q4",153.077186982959,
"ISL","HOUSECOST","NOMINAL","IDX2015","Q","2020-Q4",162.429954130567,
"ISL","HOUSECOST","NOMINAL","IDX2015","Q","2021-Q1",167.225127758973,
"ISL","HOUSECOST","NOMINAL","IDX2015","Q","2021-Q2",174.526628504151,
"ISL","HOUSECOST","NOMINAL","IDX2015","Q","2021-Q3",180.666278834105,
"ISL","HOUSECOST","NOMINAL","IDX2015","Q","2021-Q4",187.833740517261,
"ISL","HOUSECOST","NOMINAL","IDX2015","Q","2022-Q1",197.337853465925,
"ISL","HOUSECOST","NOMINAL","IDX2015","Q","2022-Q2",210.557681233951,
"ISL","HOUSECOST","NOMINAL","IDX2015","Q","2022-Q3",224.155923413563,
"ISL","HOUSECOST","RENT","IDX2015","Q","2020-Q4",126.533935991187,
"ISL","HOUSECOST","RENT","IDX2015","Q","2021-Q1",127.251588079697,
"ISL","HOUSECOST","RENT","IDX2015","Q","2021-Q2",128.004206092533,
"ISL","HOUSECOST","RENT","IDX2015","Q","2021-Q3",128.710930011647,
"ISL","HOUSECOST","RENT","IDX2015","Q","2021-Q4",129.966275816122,
"ISL","HOUSECOST","RENT","IDX2015","Q","2022-Q1",131.65188865091,
"ISL","HOUSECOST","RENT","IDX2015","Q","2022-Q2",133.255001439127,
"ISL","HOUSECOST","RENT","IDX2015","Q","2022-Q3",135.503775913207,
"ISL","HOUSECOST","RENT","IDX2015","Q","2022-Q4",137.477300213507,
"IRL","HOUSECOST","NOMINAL","IDX2015","Q","2020-Q4",135.646545917644,
"IRL","HOUSECOST","NOMINAL","IDX2015","Q","2021-Q1",138.762774142689,
"IRL","HOUSECOST","NOMINAL","IDX2015","Q","2021-Q2",142.392621816512,
"IRL","HOUSECOST","NOMINAL","IDX2015","Q","2021-Q3",148.429004742598,
"IRL","HOUSECOST","NOMINAL","IDX2015","Q","2021-Q4",154.413599301684,
"IRL","HOUSECOST","NOMINAL","IDX2015","Q","2022-Q1",159.412759067993,
"IRL","HOUSECOST","NOMINAL","IDX2015","Q","2022-Q2",162.767412661586,
"IRL","HOUSECOST","NOMINAL","IDX2015","Q","2022-Q3",166.177527541771,
"IRL","HOUSECOST","RENT","IDX2015","Q","2020-Q4",116.671819301318,
"IRL","HOUSECOST","RENT","IDX2015","Q","2021-Q1",117.867238344675,
"IRL","HOUSECOST","RENT","IDX2015","Q","2021-Q2",119.334231488087,
"IRL","HOUSECOST","RENT","IDX2015","Q","2021-Q3",121.032317824685,
"IRL","HOUSECOST","RENT","IDX2015","Q","2021-Q4",123.918472611586,
"IRL","HOUSECOST","RENT","IDX2015","Q","2022-Q1",126.221913023183,
"IRL","HOUSECOST","RENT","IDX2015","Q","2022-Q2",129.436080903519,
"IRL","HOUSECOST","RENT","IDX2015","Q","2022-Q3",133.009795828784,
"IRL","HOUSECOST","RENT","IDX2015","Q","2022-Q4",136.98084148602,
"ITA","HOUSECOST","NOMINAL","IDX2015","Q","2020-Q4",100.53620193168,
"ITA","HOUSECOST","NOMINAL","IDX2015","Q","2021-Q1",101.465032263446,
"ITA","HOUSECOST","NOMINAL","IDX2015","Q","2021-Q2",102.064738341851,
"ITA","HOUSECOST","NOMINAL","IDX2015","Q","2021-Q3",103.655101339991,
"ITA","HOUSECOST","NOMINAL","IDX2015","Q","2021-Q4",104.615128058007,
"ITA","HOUSECOST","NOMINAL","IDX2015","Q","2022-Q1",106.059660465201,
"ITA","HOUSECOST","NOMINAL","IDX2015","Q","2022-Q2",107.316448164707,
"ITA","HOUSECOST","RENT","IDX2015","Q","2020-Q4",101.387719542845,
"ITA","HOUSECOST","RENT","IDX2015","Q","2021-Q1",101.338584516068,
"ITA","HOUSECOST","RENT","IDX2015","Q","2021-Q2",101.368136585779,
"ITA","HOUSECOST","RENT","IDX2015","Q","2021-Q3",101.472126116982,
"ITA","HOUSECOST","RENT","IDX2015","Q","2021-Q4",101.588944962669,
"ITA","HOUSECOST","RENT","IDX2015","Q","2022-Q1",101.906450743431,
"ITA","HOUSECOST","RENT","IDX2015","Q","2022-Q2",102.334266410537,
"ITA","HOUSECOST","RENT","IDX2015","Q","2022-Q3",102.6692832904,
"ITA","HOUSECOST","RENT","IDX2015","Q","2022-Q4",103.090755745452,
"JPN","HOUSECOST","NOMINAL","IDX2015","Q","2020-Q4",110.279612839155,
"JPN","HOUSECOST","NOMINAL","IDX2015","Q","2021-Q1",111.525524659559,
"JPN","HOUSECOST","NOMINAL","IDX2015","Q","2021-Q2",113.764212442359,
"JPN","HOUSECOST","NOMINAL","IDX2015","Q","2021-Q3",117.317069758271,
"JPN","HOUSECOST","NOMINAL","IDX2015","Q","2021-Q4",117.831042041909,
"JPN","HOUSECOST","NOMINAL","IDX2015","Q","2022-Q1",121.664765519067,
"JPN","HOUSECOST","NOMINAL","IDX2015","Q","2022-Q2",124.655887748447,
"JPN","HOUSECOST","RENT","IDX2015","Q","2020-Q4",99.2763028982608,
"JPN","HOUSECOST","RENT","IDX2015","Q","2021-Q1",99.2610730876525,
"JPN","HOUSECOST","RENT","IDX2015","Q","2021-Q2",99.2750491681518,
"JPN","HOUSECOST","RENT","IDX2015","Q","2021-Q3",99.2852497815101,
"KOR","HOUSECOST","NOMINAL","IDX2015","Q","2020-Q4",109.81041588861,
"KOR","HOUSECOST","NOMINAL","IDX2015","Q","2021-Q1",112.512131760437,
"KOR","HOUSECOST","NOMINAL","IDX2015","Q","2021-Q2",115.67516468654,
"KOR","HOUSECOST","NOMINAL","IDX2015","Q","2021-Q3",118.656388936972,
"KOR","HOUSECOST","NOMINAL","IDX2015","Q","2021-Q4",120.715571565712,
"KOR","HOUSECOST","NOMINAL","IDX2015","Q","2022-Q1",120.917780098487,
"KOR","HOUSECOST","NOMINAL","IDX2015","Q","2022-Q2",121.275358346325,
"KOR","HOUSECOST","RENT","IDX2015","Q","2020-Q4",104.574176587778,
"KOR","HOUSECOST","RENT","IDX2015","Q","2021-Q1",104.915473006182,
"KOR","HOUSECOST","RENT","IDX2015","Q","2021-Q2",105.426806745049,
"KOR","HOUSECOST","RENT","IDX2015","Q","2021-Q3",105.930226583807,
"KOR","HOUSECOST","RENT","IDX2015","Q","2021-Q4",106.556783094229,
"KOR","HOUSECOST","RENT","IDX2015","Q","2022-Q1",107.081131920067,
"KOR","HOUSECOST","RENT","IDX2015","Q","2022-Q2",107.500764504942,
"KOR","HOUSECOST","RENT","IDX2015","Q","2022-Q3",107.886363595406,
"KOR","HOUSECOST","RENT","IDX2015","Q","2022-Q4",108.09772921538,
"LUX","HOUSECOST","NOMINAL","IDX2015","Q","2020-Q4",160.223284393993,
"LUX","HOUSECOST","NOMINAL","IDX2015","Q","2021-Q1",166.900297057856,
"LUX","HOUSECOST","NOMINAL","IDX2015","Q","2021-Q2",168.419022581924,
"LUX","HOUSECOST","NOMINAL","IDX2015","Q","2021-Q3",173.64590333737,
"LUX","HOUSECOST","NOMINAL","IDX2015","Q","2021-Q4",179.639498548751,
"LUX","HOUSECOST","NOMINAL","IDX2015","Q","2022-Q1",183.964737277733,
"LUX","HOUSECOST","NOMINAL","IDX2015","Q","2022-Q2",187.872503337781,
"LUX","HOUSECOST","RENT","IDX2015","Q","2020-Q4",106.218678838791,
"LUX","HOUSECOST","RENT","IDX2015","Q","2021-Q1",106.568639186389,
"LUX","HOUSECOST","RENT","IDX2015","Q","2021-Q2",107.149368042943,
"LUX","HOUSECOST","RENT","IDX2015","Q","2021-Q3",107.59225827651,
"LUX","HOUSECOST","RENT","IDX2015","Q","2021-Q4",107.916118261875,
"LUX","HOUSECOST","RENT","IDX2015","Q","2022-Q1",108.452654312926,
"LUX","HOUSECOST","RENT","IDX2015","Q","2022-Q2",108.805317578787,
"LUX","HOUSECOST","RENT","IDX2015","Q","2022-Q3",109.415240788481,
"LUX","HOUSECOST","RENT","IDX2015","Q","2022-Q4",109.933075446243,
"MEX","HOUSECOST","NOMINAL","IDX2015","Q","2020-Q4",147.936532648,
"MEX","HOUSECOST","NOMINAL","IDX2015","Q","2021-Q1",151.303052244214,
"MEX","HOUSECOST","NOMINAL","IDX2015","Q","2021-Q2",154.649885733984,
"MEX","HOUSECOST","NOMINAL","IDX2015","Q","2021-Q3",157.829316465868,
"MEX","HOUSECOST","NOMINAL","IDX2015","Q","2021-Q4",160.511184832349,
"MEX","HOUSECOST","NOMINAL","IDX2015","Q","2022-Q1",162.987100039989,
"MEX","HOUSECOST","RENT","IDX2015","Q","2020-Q4",113.862680622841,
"MEX","HOUSECOST","RENT","IDX2015","Q","2021-Q1",114.410191237597,
"MEX","HOUSECOST","RENT","IDX2015","Q","2021-Q2",115.006230673597,
"MEX","HOUSECOST","RENT","IDX2015","Q","2021-Q3",115.808919056041,
"MEX","HOUSECOST","RENT","IDX2015","Q","2021-Q4",116.725001288972,
"MEX","HOUSECOST","RENT","IDX2015","Q","2022-Q1",117.517626289567,
"MEX","HOUSECOST","RENT","IDX2015","Q","2022-Q2",118.240090899498,
"MEX","HOUSECOST","RENT","IDX2015","Q","2022-Q3",119.294804147372,
"MEX","HOUSECOST","RENT","IDX2015","Q","2022-Q4",119.951819287324,
"NLD","HOUSECOST","NOMINAL","IDX2015","Q","2020-Q4",147.756731084004,
"NLD","HOUSECOST","NOMINAL","IDX2015","Q","2021-Q1",153.374356090424,
"NLD","HOUSECOST","NOMINAL","IDX2015","Q","2021-Q2",159.815962247672,
"NLD","HOUSECOST","NOMINAL","IDX2015","Q","2021-Q3",168.122324985256,
"NLD","HOUSECOST","NOMINAL","IDX2015","Q","2021-Q4",175.651356678302,
"NLD","HOUSECOST","NOMINAL","IDX2015","Q","2022-Q1",183.117253674792,
"NLD","HOUSECOST","NOMINAL","IDX2015","Q","2022-Q2",188.839512869162,
"NLD","HOUSECOST","RENT","IDX2015","Q","2020-Q4",112.83481000511,
"NLD","HOUSECOST","RENT","IDX2015","Q","2021-Q1",113.41866105293,
"NLD","HOUSECOST","RENT","IDX2015","Q","2021-Q2",114.226057610498,
"NLD","HOUSECOST","RENT","IDX2015","Q","2021-Q3",112.91588355429,
"NLD","HOUSECOST","RENT","IDX2015","Q","2021-Q4",113.699397782282,
"NLD","HOUSECOST","RENT","IDX2015","Q","2022-Q1",114.260862620047,
"NLD","HOUSECOST","RENT","IDX2015","Q","2022-Q2",115.097694965178,
"NLD","HOUSECOST","RENT","IDX2015","Q","2022-Q3",116.257173477282,
"NLD","HOUSECOST","RENT","IDX2015","Q","2022-Q4",117.084268942019,
"NZL","HOUSECOST","NOMINAL","IDX2015","Q","2020-Q4",154.401346688965,
"NZL","HOUSECOST","NOMINAL","IDX2015","Q","2021-Q1",167.38796083776,
"NZL","HOUSECOST","NOMINAL","IDX2015","Q","2021-Q2",176.843751229932,
"NZL","HOUSECOST","NOMINAL","IDX2015","Q","2021-Q3",185.330670169907,
"NZL","HOUSECOST","NOMINAL","IDX2015","Q","2021-Q4",194.361807953211,
"NZL","HOUSECOST","NOMINAL","IDX2015","Q","2022-Q1",189.727816380392,
"NZL","HOUSECOST","RENT","IDX2015","Q","2020-Q4",114.488625641586,
"NZL","HOUSECOST","RENT","IDX2015","Q","2021-Q1",115.448637349267,
"NZL","HOUSECOST","RENT","IDX2015","Q","2021-Q2",116.400514941824,
"NZL","HOUSECOST","RENT","IDX2015","Q","2021-Q3",117.460557583857,
"NZL","HOUSECOST","RENT","IDX2015","Q","2021-Q4",118.865595464843,
"NZL","HOUSECOST","RENT","IDX2015","Q","2022-Q1",120.019725149659,
"NZL","HOUSECOST","RENT","IDX2015","Q","2022-Q2",121.395455098412,
"NZL","HOUSECOST","RENT","IDX2015","Q","2022-Q3",122.892027849924,
"NOR","HOUSECOST","NOMINAL","IDX2015","Q","2020-Q4",126.89286895515,
"NOR","HOUSECOST","NOMINAL","IDX2015","Q","2021-Q1",130.91407160495,
"NOR","HOUSECOST","NOMINAL","IDX2015","Q","2021-Q2",134.113040040196,
"NOR","HOUSECOST","NOMINAL","IDX2015","Q","2021-Q3",135.909695043846,
"NOR","HOUSECOST","NOMINAL","IDX2015","Q","2021-Q4",137.163193355001,
"NOR","HOUSECOST","NOMINAL","IDX2015","Q","2022-Q1",140.287137887683,
"NOR","HOUSECOST","NOMINAL","IDX2015","Q","2022-Q2",142.562555552091,
"NOR","HOUSECOST","NOMINAL","IDX2015","Q","2022-Q3",142.579094993183,
"NOR","HOUSECOST","RENT","IDX2015","Q","2020-Q4",110.041115454245,
"NOR","HOUSECOST","RENT","IDX2015","Q","2021-Q1",110.159712203261,
"NOR","HOUSECOST","RENT","IDX2015","Q","2021-Q2",110.586957063694,
"NOR","HOUSECOST","RENT","IDX2015","Q","2021-Q3",111.024897299726,
"NOR","HOUSECOST","RENT","IDX2015","Q","2021-Q4",111.532049285243,
"NOR","HOUSECOST","RENT","IDX2015","Q","2022-Q1",112.159213423857,
"NOR","HOUSECOST","RENT","IDX2015","Q","2022-Q2",112.696665460864,
"NOR","HOUSECOST","RENT","IDX2015","Q","2022-Q3",113.614945845811,
"NOR","HOUSECOST","RENT","IDX2015","Q","2022-Q4",114.300315178985,
"POL","HOUSECOST","NOMINAL","IDX2015","Q","2020-Q4",138.542945834166,
"POL","HOUSECOST","NOMINAL","IDX2015","Q","2021-Q1",141.048634996081,
"POL","HOUSECOST","NOMINAL","IDX2015","Q","2021-Q2",145.290003638749,
"POL","HOUSECOST","NOMINAL","IDX2015","Q","2021-Q3",149.435583452648,
"POL","HOUSECOST","NOMINAL","IDX2015","Q","2021-Q4",155.315777922229,
"POL","HOUSECOST","NOMINAL","IDX2015","Q","2022-Q1",160.132590957571,
"POL","HOUSECOST","NOMINAL","IDX2015","Q","2022-Q2",163.298265647655,
"POL","HOUSECOST","RENT","IDX2015","Q","2020-Q4",121.322142497035,
"POL","HOUSECOST","RENT","IDX2015","Q","2021-Q1",122.040202479182,
"POL","HOUSECOST","RENT","IDX2015","Q","2021-Q2",123.265955411999,
"POL","HOUSECOST","RENT","IDX2015","Q","2021-Q3",125.018457230199,
"POL","HOUSECOST","RENT","IDX2015","Q","2021-Q4",128.073197338564,
"POL","HOUSECOST","RENT","IDX2015","Q","2022-Q1",132.698423210891,
"POL","HOUSECOST","RENT","IDX2015","Q","2022-Q2",140.051788304203,
"POL","HOUSECOST","RENT","IDX2015","Q","2022-Q3",145.635539375124,
"POL","HOUSECOST","RENT","IDX2015","Q","2022-Q4",150.281563336121,
"PRT","HOUSECOST","NOMINAL","IDX2015","Q","2020-Q4",158.79966212902,
"PRT","HOUSECOST","NOMINAL","IDX2015","Q","2021-Q1",161.058713573709,
"PRT","HOUSECOST","NOMINAL","IDX2015","Q","2021-Q2",165.581120839814,
"PRT","HOUSECOST","NOMINAL","IDX2015","Q","2021-Q3",171.54514665045,
"PRT","HOUSECOST","NOMINAL","IDX2015","Q","2021-Q4",177.17501895321,
"PRT","HOUSECOST","NOMINAL","IDX2015","Q","2022-Q1",181.901634901128,
"PRT","HOUSECOST","NOMINAL","IDX2015","Q","2022-Q2",187.396516210263,
"PRT","HOUSECOST","RENT","IDX2015","Q","2020-Q4",111.519607637183,
"PRT","HOUSECOST","RENT","IDX2015","Q","2021-Q1",111.933700950278,
"PRT","HOUSECOST","RENT","IDX2015","Q","2021-Q2",112.429408525859,
"PRT","HOUSECOST","RENT","IDX2015","Q","2021-Q3",113.029780113583,
"PRT","HOUSECOST","RENT","IDX2015","Q","2021-Q4",113.641910410281,
"PRT","HOUSECOST","RENT","IDX2015","Q","2022-Q1",114.341118081245,
"PRT","HOUSECOST","RENT","IDX2015","Q","2022-Q2",115.304853884354,
"PRT","HOUSECOST","RENT","IDX2015","Q","2022-Q3",116.236612941232,
"PRT","HOUSECOST","RENT","IDX2015","Q","2022-Q4",116.946281534988,
"SVK","HOUSECOST","NOMINAL","IDX2015","Q","2020-Q4",147.047587868255,
"SVK","HOUSECOST","NOMINAL","IDX2015","Q","2021-Q1",146.824878932921,
"SVK","HOUSECOST","NOMINAL","IDX2015","Q","2021-Q2",150.553461102333,
"SVK","HOUSECOST","NOMINAL","IDX2015","Q","2021-Q3",157.33338475199,
"SVK","HOUSECOST","NOMINAL","IDX2015","Q","2021-Q4",162.62273185025,
"SVK","HOUSECOST","NOMINAL","IDX2015","Q","2022-Q1",167.72888572781,
"SVK","HOUSECOST","NOMINAL","IDX2015","Q","2022-Q2",175.664423171422,
"SVK","HOUSECOST","RENT","IDX2015","Q","2020-Q4",103.674993622373,
"SVK","HOUSECOST","RENT","IDX2015","Q","2021-Q1",103.776712056674,
"SVK","HOUSECOST","RENT","IDX2015","Q","2021-Q2",103.5183499585,
"SVK","HOUSECOST","RENT","IDX2015","Q","2021-Q3",103.507131612818,
"SVK","HOUSECOST","RENT","IDX2015","Q","2021-Q4",104.725706372007,
"SVK","HOUSECOST","RENT","IDX2015","Q","2022-Q1",105.122208105997,
"SVK","HOUSECOST","RENT","IDX2015","Q","2022-Q2",107.552185941202,
"SVK","HOUSECOST","RENT","IDX2015","Q","2022-Q3",109.205136074316,
"SVK","HOUSECOST","RENT","IDX2015","Q","2022-Q4",110.814703631128,
"ESP","HOUSECOST","NOMINAL","IDX2015","Q","2020-Q4",128.182851433903,
"ESP","HOUSECOST","NOMINAL","IDX2015","Q","2021-Q1",128.212348481025,
"ESP","HOUSECOST","NOMINAL","IDX2015","Q","2021-Q2",131.291354739224,
"ESP","HOUSECOST","NOMINAL","IDX2015","Q","2021-Q3",133.058714610251,
"ESP","HOUSECOST","NOMINAL","IDX2015","Q","2021-Q4",136.218260220907,
"ESP","HOUSECOST","NOMINAL","IDX2015","Q","2022-Q1",139.157114602914,
"ESP","HOUSECOST","NOMINAL","IDX2015","Q","2022-Q2",141.867669380545,
"ESP","HOUSECOST","RENT","IDX2015","Q","2020-Q4",104.652239252682,
"ESP","HOUSECOST","RENT","IDX2015","Q","2021-Q1",104.773599328498,
"ESP","HOUSECOST","RENT","IDX2015","Q","2021-Q2",104.856079265241,
"ESP","HOUSECOST","RENT","IDX2015","Q","2021-Q3",104.990062882034,
"ESP","HOUSECOST","RENT","IDX2015","Q","2021-Q4",105.199979515212,
"ESP","HOUSECOST","RENT","IDX2015","Q","2022-Q1",105.589017537464,
"ESP","HOUSECOST","RENT","IDX2015","Q","2022-Q2",106.154787880696,
"ESP","HOUSECOST","RENT","IDX2015","Q","2022-Q3",106.592254497692,
"ESP","HOUSECOST","RENT","IDX2015","Q","2022-Q4",106.952894773402,
"SWE","HOUSECOST","NOMINAL","IDX2015","Q","2020-Q4",125.366457031291,
"SWE","HOUSECOST","NOMINAL","IDX2015","Q","2021-Q1",129.025033018402,
"SWE","HOUSECOST","NOMINAL","IDX2015","Q","2021-Q2",133.558130373598,
"SWE","HOUSECOST","NOMINAL","IDX2015","Q","2021-Q3",136.227445561003,
"SWE","HOUSECOST","NOMINAL","IDX2015","Q","2021-Q4",139.039391044507,
"SWE","HOUSECOST","NOMINAL","IDX2015","Q","2022-Q1",142.273887332808,
"SWE","HOUSECOST","NOMINAL","IDX2015","Q","2022-Q2",143.030871768653,
"SWE","HOUSECOST","RENT","IDX2015","Q","2020-Q4",106.441578427724,
"SWE","HOUSECOST","RENT","IDX2015","Q","2021-Q1",106.545985868549,
"SWE","HOUSECOST","RENT","IDX2015","Q","2021-Q2",106.989482303677,
"SWE","HOUSECOST","RENT","IDX2015","Q","2021-Q3",107.393218959904,
"SWE","HOUSECOST","RENT","IDX2015","Q","2021-Q4",107.724223584195,
"SWE","HOUSECOST","RENT","IDX2015","Q","2022-Q1",108.381470824675,
"SWE","HOUSECOST","RENT","IDX2015","Q","2022-Q2",108.774434511311,
"SWE","HOUSECOST","RENT","IDX2015","Q","2022-Q3",109.085013917811,
"SWE","HOUSECOST","RENT","IDX2015","Q","2022-Q4",109.429991637559,
"CHE","HOUSECOST","NOMINAL","IDX2015","Q","2020-Q4",117.561264708254,
"CHE","HOUSECOST","NOMINAL","IDX2015","Q","2021-Q1",119.534857817117,
"CHE","HOUSECOST","NOMINAL","IDX2015","Q","2021-Q2",121.538473351325,
"CHE","HOUSECOST","NOMINAL","IDX2015","Q","2021-Q3",124.960518032477,
"CHE","HOUSECOST","NOMINAL","IDX2015","Q","2021-Q4",127.31815079553,
"CHE","HOUSECOST","NOMINAL","IDX2015","Q","2022-Q1",129.932400875367,
"CHE","HOUSECOST","NOMINAL","IDX2015","Q","2022-Q2",132.197125060413,
"CHE","HOUSECOST","NOMINAL","IDX2015","Q","2022-Q3",133.947275458049,
"CHE","HOUSECOST","RENT","IDX2015","Q","2020-Q4",103.247661388402,
"CHE","HOUSECOST","RENT","IDX2015","Q","2021-Q1",103.508132808768,
"CHE","HOUSECOST","RENT","IDX2015","Q","2021-Q2",103.896556129748,
"CHE","HOUSECOST","RENT","IDX2015","Q","2021-Q3",104.325756146914,
"CHE","HOUSECOST","RENT","IDX2015","Q","2021-Q4",104.667513274774,
"CHE","HOUSECOST","RENT","IDX2015","Q","2022-Q1",104.991821305126,
"CHE","HOUSECOST","RENT","IDX2015","Q","2022-Q2",105.37402875546,
"CHE","HOUSECOST","RENT","IDX2015","Q","2022-Q3",105.707761842715,
"CHE","HOUSECOST","RENT","IDX2015","Q","2022-Q4",105.895679176625,
"TUR","HOUSECOST","NOMINAL","IDX2015","Q","2020-Q4",192.528010040728,
"TUR","HOUSECOST","NOMINAL","IDX2015","Q","2021-Q1",203.224516409303,
"TUR","HOUSECOST","NOMINAL","IDX2015","Q","2021-Q2",215.770490119289,
"TUR","HOUSECOST","NOMINAL","IDX2015","Q","2021-Q3",241.536447312811,
"TUR","HOUSECOST","NOMINAL","IDX2015","Q","2021-Q4",289.604546224891,
"TUR","HOUSECOST","NOMINAL","IDX2015","Q","2022-Q1",396.253434348675,
"TUR","HOUSECOST","NOMINAL","IDX2015","Q","2022-Q2",528.099212781636,
"TUR","HOUSECOST","RENT","IDX2015","Q","2020-Q4",161.617236631094,
"TUR","HOUSECOST","RENT","IDX2015","Q","2021-Q1",165.877960830282,
"TUR","HOUSECOST","RENT","IDX2015","Q","2021-Q2",169.964337979354,
"TUR","HOUSECOST","RENT","IDX2015","Q","2021-Q3",174.178633587383,
"TUR","HOUSECOST","RENT","IDX2015","Q","2021-Q4",180.500233076922,
"TUR","HOUSECOST","RENT","IDX2015","Q","2022-Q1",191.363655129941,
"TUR","HOUSECOST","RENT","IDX2015","Q","2022-Q2",204.560502129176,
"TUR","HOUSECOST","RENT","IDX2015","Q","2022-Q3",228.681049812808,
"TUR","HOUSECOST","RENT","IDX2015","Q","2022-Q4",252.013049096355,
"GBR","HOUSECOST","NOMINAL","IDX2015","Q","2020-Q4",123.975,
"GBR","HOUSECOST","NOMINAL","IDX2015","Q","2021-Q1",127.844,
"GBR","HOUSECOST","NOMINAL","IDX2015","Q","2021-Q2",129.407,
"GBR","HOUSECOST","NOMINAL","IDX2015","Q","2021-Q3",130.585,
"GBR","HOUSECOST","NOMINAL","IDX2015","Q","2021-Q4",134.631,
"GBR","HOUSECOST","NOMINAL","IDX2015","Q","2022-Q1",139.87,
"GBR","HOUSECOST","NOMINAL","IDX2015","Q","2022-Q2",143.393,
"GBR","HOUSECOST","NOMINAL","IDX2015","Q","2022-Q3",147.104,
"GBR","HOUSECOST","RENT","IDX2015","Q","2020-Q4",106.059563373456,
"GBR","HOUSECOST","RENT","IDX2015","Q","2021-Q1",106.466592245339,
"GBR","HOUSECOST","RENT","IDX2015","Q","2021-Q2",106.811374320707,
"GBR","HOUSECOST","RENT","IDX2015","Q","2021-Q3",107.251564843854,
"GBR","HOUSECOST","RENT","IDX2015","Q","2021-Q4",108.063320377155,
"GBR","HOUSECOST","RENT","IDX2015","Q","2022-Q1",108.973190593907,
"GBR","HOUSECOST","RENT","IDX2015","Q","2022-Q2",110.117123195633,
"GBR","HOUSECOST","RENT","IDX2015","Q","2022-Q3",111.527878017813,
"GBR","HOUSECOST","RENT","IDX2015","Q","2022-Q4",112.571010893663,
"USA","HOUSECOST","NOMINAL","IDX2015","Q","2020-Q4",142.025198320112,
"USA","HOUSECOST","NOMINAL","IDX2015","Q","2021-Q1",147.284181054596,
"USA","HOUSECOST","NOMINAL","IDX2015","Q","2021-Q2",154.745683621092,
"USA","HOUSECOST","NOMINAL","IDX2015","Q","2021-Q3",161.418572095194,
"USA","HOUSECOST","NOMINAL","IDX2015","Q","2021-Q4",167.260849276715,
"USA","HOUSECOST","NOMINAL","IDX2015","Q","2022-Q1",175.114325711619,
"USA","HOUSECOST","NOMINAL","IDX2015","Q","2022-Q2",182.081194587028,
"USA","HOUSECOST","RENT","IDX2015","Q","2020-Q4",120.196361807123,
"USA","HOUSECOST","RENT","IDX2015","Q","2021-Q1",120.704404448509,
"USA","HOUSECOST","RENT","IDX2015","Q","2021-Q2",121.365824906839,
"USA","HOUSECOST","RENT","IDX2015","Q","2021-Q3",122.341930833466,
"USA","HOUSECOST","RENT","IDX2015","Q","2021-Q4",123.835513048337,
"USA","HOUSECOST","RENT","IDX2015","Q","2022-Q1",125.690005443468,
"USA","HOUSECOST","RENT","IDX2015","Q","2022-Q2",127.760411128509,
"USA","HOUSECOST","RENT","IDX2015","Q","2022-Q3",130.601792877523,
"USA","HOUSECOST","RENT","IDX2015","Q","2022-Q4",132.565334173205,
"BRA","HOUSECOST","NOMINAL","IDX2015","Q","2020-Q4",104.656989722734,
"BRA","HOUSECOST","NOMINAL","IDX2015","Q","2021-Q1",104.873278906864,
"BRA","HOUSECOST","NOMINAL","IDX2015","Q","2021-Q2",105.089550897102,
"BRA","HOUSECOST","NOMINAL","IDX2015","Q","2021-Q3",105.305954471341,
"BRA","HOUSECOST","NOMINAL","IDX2015","Q","2021-Q4",105.522508422369,
"BRA","HOUSECOST","NOMINAL","IDX2015","Q","2022-Q1",105.738788138416,
"BRA","HOUSECOST","NOMINAL","IDX2015","Q","2022-Q2",105.955068299306,
"BRA","HOUSECOST","NOMINAL","IDX2015","Q","2022-Q3",106.171468442521,
"CHL","HOUSECOST","NOMINAL","IDX2015","Q","2020-Q4",148.890831180161,
"CHL","HOUSECOST","NOMINAL","IDX2015","Q","2021-Q1",157.094979870152,
"CHL","HOUSECOST","NOMINAL","IDX2015","Q","2021-Q2",161.571764375401,
"CHL","HOUSECOST","NOMINAL","IDX2015","Q","2021-Q3",166.958367282905,
"CHL","HOUSECOST","NOMINAL","IDX2015","Q","2021-Q4",172.309533321475,
"CHL","HOUSECOST","NOMINAL","IDX2015","Q","2022-Q1",170.18309586069,
"CHL","HOUSECOST","NOMINAL","IDX2015","Q","2022-Q2",174.613893114993,
"CHL","HOUSECOST","RENT","IDX2015","Q","2020-Q4",124.161762224625,
"CHL","HOUSECOST","RENT","IDX2015","Q","2021-Q1",124.742070135758,
"CHL","HOUSECOST","RENT","IDX2015","Q","2021-Q2",125.244995530414,
"CHL","HOUSECOST","RENT","IDX2015","Q","2021-Q3",125.828259949099,
"CHL","HOUSECOST","RENT","IDX2015","Q","2021-Q4",126.798586427295,
"CHL","HOUSECOST","RENT","IDX2015","Q","2022-Q1",128.074952992956,
"CHL","HOUSECOST","RENT","IDX2015","Q","2022-Q2",129.459862740808,
"CHL","HOUSECOST","RENT","IDX2015","Q","2022-Q3",131.653988137589,
"CHL","HOUSECOST","RENT","IDX2015","Q","2022-Q4",133.489738355581,
"CHN","HOUSECOST","NOMINAL","IDX2015","Q","2020-Q4",147.056217528615,
"CHN","HOUSECOST","NOMINAL","IDX2015","Q","2021-Q1",148.675881578767,
"CHN","HOUSECOST","NOMINAL","IDX2015","Q","2021-Q2",149.945011382226,
"CHN","HOUSECOST","NOMINAL","IDX2015","Q","2021-Q3",150.684946471921,
"CHN","HOUSECOST","NOMINAL","IDX2015","Q","2021-Q4",151.099264875481,
"COL","HOUSECOST","NOMINAL","IDX2015","Q","2020-Q4",136.804703297119,
"COL","HOUSECOST","NOMINAL","IDX2015","Q","2021-Q1",139.568097307959,
"COL","HOUSECOST","NOMINAL","IDX2015","Q","2021-Q2",142.431362596201,
"COL","HOUSECOST","NOMINAL","IDX2015","Q","2021-Q3",145.015736660606,
"COL","HOUSECOST","NOMINAL","IDX2015","Q","2021-Q4",148.413803442982,
"COL","HOUSECOST","NOMINAL","IDX2015","Q","2022-Q1",149.416796334038,
"COL","HOUSECOST","RENT","IDX2015","Q","2020-Q4",118.299126470637,
"COL","HOUSECOST","RENT","IDX2015","Q","2021-Q1",118.733906321325,
"COL","HOUSECOST","RENT","IDX2015","Q","2021-Q2",119.158299059509,
"COL","HOUSECOST","RENT","IDX2015","Q","2021-Q3",119.760778763896,
"COL","HOUSECOST","RENT","IDX2015","Q","2021-Q4",120.662463686814,
"COL","HOUSECOST","RENT","IDX2015","Q","2022-Q1",121.336802715459,
"COL","HOUSECOST","RENT","IDX2015","Q","2022-Q2",122.549332213308,
"COL","HOUSECOST","RENT","IDX2015","Q","2022-Q3",123.634138517668,
"COL","HOUSECOST","RENT","IDX2015","Q","2022-Q4",124.550942265199,
"EST","HOUSECOST","NOMINAL","IDX2015","Q","2020-Q4",135.868621509366,
"EST","HOUSECOST","NOMINAL","IDX2015","Q","2021-Q1",143.569613585017,
"EST","HOUSECOST","NOMINAL","IDX2015","Q","2021-Q2",148.611002245355,
"EST","HOUSECOST","NOMINAL","IDX2015","Q","2021-Q3",155.285148729905,
"EST","HOUSECOST","NOMINAL","IDX2015","Q","2021-Q4",163.644707669196,
"EST","HOUSECOST","NOMINAL","IDX2015","Q","2022-Q1",173.56211540953,
"EST","HOUSECOST","NOMINAL","IDX2015","Q","2022-Q2",189.242344061219,
"EST","HOUSECOST","RENT","IDX2015","Q","2020-Q4",123.721121670391,
"EST","HOUSECOST","RENT","IDX2015","Q","2021-Q1",123.704739083932,
"EST","HOUSECOST","RENT","IDX2015","Q","2021-Q2",125.244196743636,
"EST","HOUSECOST","RENT","IDX2015","Q","2021-Q3",132.551712518853,
"EST","HOUSECOST","RENT","IDX2015","Q","2021-Q4",138.016151653579,
"EST","HOUSECOST","RENT","IDX2015","Q","2022-Q1",143.086140630354,
"EST","HOUSECOST","RENT","IDX2015","Q","2022-Q2",162.104520029706,
"EST","HOUSECOST","RENT","IDX2015","Q","2022-Q3",167.912667471593,
"EST","HOUSECOST","RENT","IDX2015","Q","2022-Q4",167.152004688415,
"IND","HOUSECOST","NOMINAL","IDX2015","Q","2020-Q4",130.602263052908,
"IND","HOUSECOST","NOMINAL","IDX2015","Q","2021-Q1",132.362982605446,
"IND","HOUSECOST","NOMINAL","IDX2015","Q","2021-Q2",131.808807565558,
"IND","HOUSECOST","NOMINAL","IDX2015","Q","2021-Q3",132.150532515871,
"IND","HOUSECOST","NOMINAL","IDX2015","Q","2021-Q4",134.67167730011,
"IND","HOUSECOST","NOMINAL","IDX2015","Q","2022-Q1",134.696154485535,
"IND","HOUSECOST","NOMINAL","IDX2015","Q","2022-Q2",136.368317390006,
"IDN","HOUSECOST","NOMINAL","IDX2015","Q","2020-Q4",114.310435837563,
"IDN","HOUSECOST","NOMINAL","IDX2015","Q","2021-Q1",114.54569795772,
"IDN","HOUSECOST","NOMINAL","IDX2015","Q","2021-Q2",115.06402954497,
"IDN","HOUSECOST","NOMINAL","IDX2015","Q","2021-Q3",115.491868642279,
"IDN","HOUSECOST","NOMINAL","IDX2015","Q","2021-Q4",115.979251152077,
"IDN","HOUSECOST","NOMINAL","IDX2015","Q","2022-Q1",116.580111375235,
"IDN","HOUSECOST","NOMINAL","IDX2015","Q","2022-Q2",117.048949407517,
"ISR","HOUSECOST","NOMINAL","IDX2015","Q","2020-Q4",118.51818162703,
"ISR","HOUSECOST","NOMINAL","IDX2015","Q","2021-Q1",120.463855206297,
"ISR","HOUSECOST","NOMINAL","IDX2015","Q","2021-Q2",123.846136318102,
"ISR","HOUSECOST","NOMINAL","IDX2015","Q","2021-Q3",127.569668345064,
"ISR","HOUSECOST","NOMINAL","IDX2015","Q","2021-Q4",132.425340131032,
"ISR","HOUSECOST","NOMINAL","IDX2015","Q","2022-Q1",138.742324129732,
"ISR","HOUSECOST","NOMINAL","IDX2015","Q","2022-Q2",145.447672353618,
"ISR","HOUSECOST","RENT","IDX2015","Q","2020-Q4",107.210672073429,
"ISR","HOUSECOST","RENT","IDX2015","Q","2021-Q1",107.413130206629,
"ISR","HOUSECOST","RENT","IDX2015","Q","2021-Q2",107.799503624361,
"ISR","HOUSECOST","RENT","IDX2015","Q","2021-Q3",107.975599243754,
"ISR","HOUSECOST","RENT","IDX2015","Q","2021-Q4",108.346566925257,
"ISR","HOUSECOST","RENT","IDX2015","Q","2022-Q1",108.875370625982,
"ISR","HOUSECOST","RENT","IDX2015","Q","2022-Q2",109.59094277237,
"ISR","HOUSECOST","RENT","IDX2015","Q","2022-Q3",111.291967688271,
"ISR","HOUSECOST","RENT","IDX2015","Q","2022-Q4",112.514118913117,
"LVA","HOUSECOST","NOMINAL","IDX2015","Q","2020-Q4",148.028104157961,
"LVA","HOUSECOST","NOMINAL","IDX2015","Q","2021-Q1",151.606973125445,
"LVA","HOUSECOST","NOMINAL","IDX2015","Q","2021-Q2",158.46888938107,
"LVA","HOUSECOST","NOMINAL","IDX2015","Q","2021-Q3",164.657114712475,
"LVA","HOUSECOST","NOMINAL","IDX2015","Q","2021-Q4",171.847022759468,
"LVA","HOUSECOST","NOMINAL","IDX2015","Q","2022-Q1",178.112952672805,
"LVA","HOUSECOST","NOMINAL","IDX2015","Q","2022-Q2",184.620128324037,
"LVA","HOUSECOST","RENT","IDX2015","Q","2020-Q4",104.290062036085,
"LVA","HOUSECOST","RENT","IDX2015","Q","2021-Q1",104.788963370305,
"LVA","HOUSECOST","RENT","IDX2015","Q","2021-Q2",105.971151914832,
"LVA","HOUSECOST","RENT","IDX2015","Q","2021-Q3",106.517967780783,
"LVA","HOUSECOST","RENT","IDX2015","Q","2021-Q4",108.566538226311,
"LVA","HOUSECOST","RENT","IDX2015","Q","2022-Q1",107.850879312579,
"LVA","HOUSECOST","RENT","IDX2015","Q","2022-Q2",112.044472165974,
"LVA","HOUSECOST","RENT","IDX2015","Q","2022-Q3",112.033905037688,
"LVA","HOUSECOST","RENT","IDX2015","Q","2022-Q4",108.205133793852,
"LTU","HOUSECOST","NOMINAL","IDX2015","Q","2020-Q4",147.104532941267,
"LTU","HOUSECOST","NOMINAL","IDX2015","Q","2021-Q1",153.434523147545,
"LTU","HOUSECOST","NOMINAL","IDX2015","Q","2021-Q2",157.995664694782,
"LTU","HOUSECOST","NOMINAL","IDX2015","Q","2021-Q3",167.733145230245,
"LTU","HOUSECOST","NOMINAL","IDX2015","Q","2021-Q4",176.196666944696,
"LTU","HOUSECOST","NOMINAL","IDX2015","Q","2022-Q1",182.782800175317,
"LTU","HOUSECOST","NOMINAL","IDX2015","Q","2022-Q2",192.867798151401,
"LTU","HOUSECOST","RENT","IDX2015","Q","2020-Q4",131.394635325231,
"LTU","HOUSECOST","RENT","IDX2015","Q","2021-Q1",130.95286230513,
"LTU","HOUSECOST","RENT","IDX2015","Q","2021-Q2",130.944032512088,
"LTU","HOUSECOST","RENT","IDX2015","Q","2021-Q3",131.941982227085,
"LTU","HOUSECOST","RENT","IDX2015","Q","2021-Q4",133.678330640185,
"LTU","HOUSECOST","RENT","IDX2015","Q","2022-Q1",142.317239734411,
"LTU","HOUSECOST","RENT","IDX2015","Q","2022-Q2",149.655841100893,
"LTU","HOUSECOST","RENT","IDX2015","Q","2022-Q3",156.96538798503,
"LTU","HOUSECOST","RENT","IDX2015","Q","2022-Q4",162.200024255328,
"RUS","HOUSECOST","NOMINAL","IDX2015","Q","2020-Q4",153.518945586326,
"RUS","HOUSECOST","NOMINAL","IDX2015","Q","2021-Q1",158.837056219345,
"RUS","HOUSECOST","NOMINAL","IDX2015","Q","2021-Q2",170.021020425795,
"RUS","HOUSECOST","NOMINAL","IDX2015","Q","2021-Q3",179.922631455049,
"RUS","HOUSECOST","NOMINAL","IDX2015","Q","2021-Q4",192.291291935651,
"RUS","HOUSECOST","NOMINAL","IDX2015","Q","2022-Q1",208.468108594398,
"RUS","HOUSECOST","RENT","IDX2015","Q","2020-Q4",109.288305781943,
"RUS","HOUSECOST","RENT","IDX2015","Q","2021-Q1",110.174596703813,
"RUS","HOUSECOST","RENT","IDX2015","Q","2021-Q2",111.711981763306,
"RUS","HOUSECOST","RENT","IDX2015","Q","2021-Q3",114.312174069532,
"RUS","HOUSECOST","RENT","IDX2015","Q","2021-Q4",117.390047460856,
"RUS","HOUSECOST","RENT","IDX2015","Q","2022-Q1",120.033339273057,
"SVN","HOUSECOST","NOMINAL","IDX2015","Q","2020-Q4",138.601751020007,
"SVN","HOUSECOST","NOMINAL","IDX2015","Q","2021-Q1",142.769604951763,
"SVN","HOUSECOST","NOMINAL","IDX2015","Q","2021-Q2",148.371106864953,
"SVN","HOUSECOST","NOMINAL","IDX2015","Q","2021-Q3",153.609738339992,
"SVN","HOUSECOST","NOMINAL","IDX2015","Q","2021-Q4",160.519549841742,
"SVN","HOUSECOST","NOMINAL","IDX2015","Q","2022-Q1",166.912387561472,
"SVN","HOUSECOST","NOMINAL","IDX2015","Q","2022-Q2",171.536380669517,
"SVN","HOUSECOST","RENT","IDX2015","Q","2020-Q4",112.51531419504,
"SVN","HOUSECOST","RENT","IDX2015","Q","2021-Q1",112.956897700366,
"SVN","HOUSECOST","RENT","IDX2015","Q","2021-Q2",115.242922591361,
"SVN","HOUSECOST","RENT","IDX2015","Q","2021-Q3",121.944881677665,
"SVN","HOUSECOST","RENT","IDX2015","Q","2021-Q4",129.559207617472,
"SVN","HOUSECOST","RENT","IDX2015","Q","2022-Q1",133.04512582545,
"SVN","HOUSECOST","RENT","IDX2015","Q","2022-Q2",143.980132509777,
"SVN","HOUSECOST","RENT","IDX2015","Q","2022-Q3",145.233261013495,
"SVN","HOUSECOST","RENT","IDX2015","Q","2022-Q4",147.79286073931,
"ZAF","HOUSECOST","NOMINAL","IDX2015","Q","2020-Q4",124.044689888275,
"ZAF","HOUSECOST","NOMINAL","IDX2015","Q","2021-Q1",124.267689330777,
"ZAF","HOUSECOST","NOMINAL","IDX2015","Q","2021-Q2",125.360686598284,
"ZAF","HOUSECOST","NOMINAL","IDX2015","Q","2021-Q3",127.093682265794,
"ZAF","HOUSECOST","NOMINAL","IDX2015","Q","2021-Q4",128.354679113302,
"ZAF","HOUSECOST","NOMINAL","IDX2015","Q","2022-Q1",129.241676895808,
"ZAF","HOUSECOST","NOMINAL","IDX2015","Q","2022-Q2",130.112674718313,
"ZAF","HOUSECOST","NOMINAL","IDX2015","Q","2022-Q3",131.27667180832,
"ZAF","HOUSECOST","RENT","IDX2015","Q","2020-Q4",122.623584650495,
"ZAF","HOUSECOST","RENT","IDX2015","Q","2021-Q1",122.848694734096,
"ZAF","HOUSECOST","RENT","IDX2015","Q","2021-Q2",122.950268939065,
"ZAF","HOUSECOST","RENT","IDX2015","Q","2021-Q3",123.307378736721,
"ZAF","HOUSECOST","RENT","IDX2015","Q","2021-Q4",123.835982237234,
"ZAF","HOUSECOST","RENT","IDX2015","Q","2022-Q1",124.53924615056,
"ZAF","HOUSECOST","RENT","IDX2015","Q","2022-Q2",125.524705114607,
"ZAF","HOUSECOST","RENT","IDX2015","Q","2022-Q3",126.458556965398,
"ZAF","HOUSECOST","RENT","IDX2015","Q","2022-Q4",127.073950458121,
"EA","HOUSECOST","NOMINAL","IDX2015","Q","2020-Q4",127.390081421729,
"EA","HOUSECOST","NOMINAL","IDX2015","Q","2021-Q1",129.740637312623,
"EA","HOUSECOST","NOMINAL","IDX2015","Q","2021-Q2",132.737820322865,
"EA","HOUSECOST","NOMINAL","IDX2015","Q","2021-Q3",136.569417796942,
"EA","HOUSECOST","NOMINAL","IDX2015","Q","2021-Q4",139.532124564256,
"EA","HOUSECOST","NOMINAL","IDX2015","Q","2022-Q1",142.390831142612,
"EA","HOUSECOST","NOMINAL","IDX2015","Q","2022-Q2",145.093950531588,
"EA","HOUSECOST","RENT","IDX2015","Q","2020-Q4",106.733399806447,
"EA","HOUSECOST","RENT","IDX2015","Q","2021-Q1",107.070431239415,
"EA","HOUSECOST","RENT","IDX2015","Q","2021-Q2",107.390846092274,
"EA","HOUSECOST","RENT","IDX2015","Q","2021-Q3",107.601388714615,
"EA","HOUSECOST","RENT","IDX2015","Q","2021-Q4",107.957333953696,
"EA","HOUSECOST","RENT","IDX2015","Q","2022-Q1",108.340932514095,
"EA","HOUSECOST","RENT","IDX2015","Q","2022-Q2",108.938419532074,
"EA","HOUSECOST","RENT","IDX2015","Q","2022-Q3",109.592898014618,
"EA","HOUSECOST","RENT","IDX2015","Q","2022-Q4",110.06774993967,
"EA17","HOUSECOST","NOMINAL","IDX2015","Q","2020-Q4",127.493120621029,
"EA17","HOUSECOST","NOMINAL","IDX2015","Q","2021-Q1",129.872592911035,
"EA17","HOUSECOST","NOMINAL","IDX2015","Q","2021-Q2",133.041630309637,
"EA17","HOUSECOST","NOMINAL","IDX2015","Q","2021-Q3",136.558574984217,
"EA17","HOUSECOST","NOMINAL","IDX2015","Q","2021-Q4",139.636799991078,
"EA17","HOUSECOST","NOMINAL","IDX2015","Q","2022-Q1",142.525597747489,
"EA17","HOUSECOST","NOMINAL","IDX2015","Q","2022-Q2",145.258896165687,
"OECD","HOUSECOST","NOMINAL","IDX2015","Q","2020-Q4",133.703355034956,
"OECD","HOUSECOST","NOMINAL","IDX2015","Q","2021-Q1",137.61399127142,
"OECD","HOUSECOST","NOMINAL","IDX2015","Q","2021-Q2",142.645969824546,
"OECD","HOUSECOST","NOMINAL","IDX2015","Q","2021-Q3",147.828903806934,
"OECD","HOUSECOST","NOMINAL","IDX2015","Q","2021-Q4",152.838503204911,
"OECD","HOUSECOST","NOMINAL","IDX2015","Q","2022-Q1",159.884655017892,
"OECD","HOUSECOST","NOMINAL","IDX2015","Q","2022-Q2",166.523217309141,
"CRI","HOUSECOST","RENT","IDX2015","Q","2020-Q4",109.488291858436,
"CRI","HOUSECOST","RENT","IDX2015","Q","2021-Q1",109.946147950888,
"CRI","HOUSECOST","RENT","IDX2015","Q","2021-Q2",110.141046160099,
"CRI","HOUSECOST","RENT","IDX2015","Q","2021-Q3",110.650063937404,
"CRI","HOUSECOST","RENT","IDX2015","Q","2021-Q4",111.374364582033,
"BGR","HOUSECOST","NOMINAL","IDX2015","Q","2020-Q4",141.509180515887,
"BGR","HOUSECOST","NOMINAL","IDX2015","Q","2021-Q1",144.713188788499,
"BGR","HOUSECOST","NOMINAL","IDX2015","Q","2021-Q2",146.971170901838,
"BGR","HOUSECOST","NOMINAL","IDX2015","Q","2021-Q3",150.876129129258,
"BGR","HOUSECOST","NOMINAL","IDX2015","Q","2021-Q4",154.769511186253,
"BGR","HOUSECOST","NOMINAL","IDX2015","Q","2022-Q1",161.334759007409,
"BGR","HOUSECOST","NOMINAL","IDX2015","Q","2022-Q2",168.536119458594,
"ROU","HOUSECOST","NOMINAL","IDX2015","Q","2020-Q4",128.52667929234,
"ROU","HOUSECOST","NOMINAL","IDX2015","Q","2021-Q1",130.882999352522,
"ROU","HOUSECOST","NOMINAL","IDX2015","Q","2021-Q2",132.38036574749,
"ROU","HOUSECOST","NOMINAL","IDX2015","Q","2021-Q3",134.987180015604,
"ROU","HOUSECOST","NOMINAL","IDX2015","Q","2021-Q4",138.099454876845,
"ROU","HOUSECOST","NOMINAL","IDX2015","Q","2022-Q1",139.133638285329,
"ROU","HOUSECOST","NOMINAL","IDX2015","Q","2022-Q2",143.621335359191,
"SAU","HOUSECOST","NOMINAL","IDX2015","Q","2020-Q4",84.9605881803414,
"SAU","HOUSECOST","NOMINAL","IDX2015","Q","2021-Q1",85.3918577844634,
"SAU","HOUSECOST","NOMINAL","IDX2015","Q","2021-Q2",85.4764377531619,
"SAU","HOUSECOST","NOMINAL","IDX2015","Q","2021-Q3",85.6690368581174,
"SAU","HOUSECOST","NOMINAL","IDX2015","Q","2021-Q4",86.3676676123425,
"SAU","HOUSECOST","NOMINAL","IDX2015","Q","2022-Q1",86.6483322599303,
"SAU","HOUSECOST","NOMINAL","IDX2015","Q","2022-Q2",87.0898721911427,
